<?xml version="1.0" ?>
<simulation cycles_per_ms="1000000" duration="100000000" etm="wcet">
	<sched class="simso.schedulers.RM" overhead="0" overhead_activate="0" overhead_terminate="0"/>
	<caches memory_access_time="100"/>
	<processors>
		<processor cl_overhead="0" cs_overhead="0" id="1" name="CPU 1" speed="1.0"/>
	</processors>
	<tasks>
		<task ACET="0" WCET="0.5" abort_on_miss="yes" activationDate="0" base_cpi="1.0" deadline="2.0" et_stddev="0" id="1" instructions="0" list_activation_dates="" mix="0.5" name="TASK T1" period="2.0" preemption_cost="0" task_type="Periodic"/>
		<task ACET="0" WCET="1.2" abort_on_miss="yes" activationDate="0" base_cpi="1.0" deadline="3.0" et_stddev="0" id="2" instructions="0" list_activation_dates="" mix="0.5" name="TASK T2" period="3.0" preemption_cost="0" task_type="Periodic"/>
		<task ACET="0" WCET="0.5" abort_on_miss="yes" activationDate="0" base_cpi="1.0" deadline="6.0" et_stddev="0" id="3" instructions="0" list_activation_dates="" mix="0.5" name="TASK T3" period="6.0" preemption_cost="0" task_type="Periodic"/>
	</tasks>
</simulation>
